image,image_path,xmin,ymin,xmax,ymax,label,confidence,x_size,y_size
000881483_jpg.rf.8f9e7426d6a9fe5cd6be36411b391e80.jpg,C:\Users\mdhsi\OneDrive\Documents\Github\CMPE_258_Group_Project\TrainYourOwnYOLO\Data\Source_Images\Test_Images\000881483_jpg.rf.8f9e7426d6a9fe5cd6be36411b391e80.jpg,217,136,285,285,2,0.7925628423690796,416,416
016095549_jpg.rf.919897778b1db1f53112925940005e8a.jpg,C:\Users\mdhsi\OneDrive\Documents\Github\CMPE_258_Group_Project\TrainYourOwnYOLO\Data\Source_Images\Test_Images\016095549_jpg.rf.919897778b1db1f53112925940005e8a.jpg,174,171,213,273,2,0.7726359963417053,416,416
016095549_jpg.rf.919897778b1db1f53112925940005e8a.jpg,C:\Users\mdhsi\OneDrive\Documents\Github\CMPE_258_Group_Project\TrainYourOwnYOLO\Data\Source_Images\Test_Images\016095549_jpg.rf.919897778b1db1f53112925940005e8a.jpg,167,176,218,274,0,0.30003389716148376,416,416
016481482_jpg.rf.fb8ca78d179526b92d38a4b7f5aefb47.jpg,C:\Users\mdhsi\OneDrive\Documents\Github\CMPE_258_Group_Project\TrainYourOwnYOLO\Data\Source_Images\Test_Images\016481482_jpg.rf.fb8ca78d179526b92d38a4b7f5aefb47.jpg,93,128,197,364,1,0.3517133593559265,416,416
016481482_jpg.rf.fb8ca78d179526b92d38a4b7f5aefb47.jpg,C:\Users\mdhsi\OneDrive\Documents\Github\CMPE_258_Group_Project\TrainYourOwnYOLO\Data\Source_Images\Test_Images\016481482_jpg.rf.fb8ca78d179526b92d38a4b7f5aefb47.jpg,387,160,416,261,1,0.36493852734565735,416,416
016481482_jpg.rf.fb8ca78d179526b92d38a4b7f5aefb47.jpg,C:\Users\mdhsi\OneDrive\Documents\Github\CMPE_258_Group_Project\TrainYourOwnYOLO\Data\Source_Images\Test_Images\016481482_jpg.rf.fb8ca78d179526b92d38a4b7f5aefb47.jpg,20,156,40,232,1,0.49988865852355957,416,416
016481482_jpg.rf.fb8ca78d179526b92d38a4b7f5aefb47.jpg,C:\Users\mdhsi\OneDrive\Documents\Github\CMPE_258_Group_Project\TrainYourOwnYOLO\Data\Source_Images\Test_Images\016481482_jpg.rf.fb8ca78d179526b92d38a4b7f5aefb47.jpg,291,110,360,387,1,0.5194579362869263,416,416
016481482_jpg.rf.fb8ca78d179526b92d38a4b7f5aefb47.jpg,C:\Users\mdhsi\OneDrive\Documents\Github\CMPE_258_Group_Project\TrainYourOwnYOLO\Data\Source_Images\Test_Images\016481482_jpg.rf.fb8ca78d179526b92d38a4b7f5aefb47.jpg,52,130,155,369,1,0.531777560710907,416,416
016481482_jpg.rf.fb8ca78d179526b92d38a4b7f5aefb47.jpg,C:\Users\mdhsi\OneDrive\Documents\Github\CMPE_258_Group_Project\TrainYourOwnYOLO\Data\Source_Images\Test_Images\016481482_jpg.rf.fb8ca78d179526b92d38a4b7f5aefb47.jpg,208,165,297,338,1,0.5422695279121399,416,416
016481482_jpg.rf.fb8ca78d179526b92d38a4b7f5aefb47.jpg,C:\Users\mdhsi\OneDrive\Documents\Github\CMPE_258_Group_Project\TrainYourOwnYOLO\Data\Source_Images\Test_Images\016481482_jpg.rf.fb8ca78d179526b92d38a4b7f5aefb47.jpg,166,153,238,353,1,0.8224300146102905,416,416
018923531_jpg.rf.72392ce262e33a4e4b9db82509353b6e.jpg,C:\Users\mdhsi\OneDrive\Documents\Github\CMPE_258_Group_Project\TrainYourOwnYOLO\Data\Source_Images\Test_Images\018923531_jpg.rf.72392ce262e33a4e4b9db82509353b6e.jpg,195,111,274,346,0,0.4141708314418793,416,416
018923531_jpg.rf.72392ce262e33a4e4b9db82509353b6e.jpg,C:\Users\mdhsi\OneDrive\Documents\Github\CMPE_258_Group_Project\TrainYourOwnYOLO\Data\Source_Images\Test_Images\018923531_jpg.rf.72392ce262e33a4e4b9db82509353b6e.jpg,65,107,210,319,0,0.9875760674476624,416,416
022675862_jpg.rf.13c7e04eeae0dee11f2ccaa19b92e6d3.jpg,C:\Users\mdhsi\OneDrive\Documents\Github\CMPE_258_Group_Project\TrainYourOwnYOLO\Data\Source_Images\Test_Images\022675862_jpg.rf.13c7e04eeae0dee11f2ccaa19b92e6d3.jpg,163,131,195,323,1,0.4307343363761902,416,416
022675862_jpg.rf.13c7e04eeae0dee11f2ccaa19b92e6d3.jpg,C:\Users\mdhsi\OneDrive\Documents\Github\CMPE_258_Group_Project\TrainYourOwnYOLO\Data\Source_Images\Test_Images\022675862_jpg.rf.13c7e04eeae0dee11f2ccaa19b92e6d3.jpg,129,120,178,335,1,0.5296369791030884,416,416
022675862_jpg.rf.13c7e04eeae0dee11f2ccaa19b92e6d3.jpg,C:\Users\mdhsi\OneDrive\Documents\Github\CMPE_258_Group_Project\TrainYourOwnYOLO\Data\Source_Images\Test_Images\022675862_jpg.rf.13c7e04eeae0dee11f2ccaa19b92e6d3.jpg,184,103,271,338,0,0.49240338802337646,416,416
022675862_jpg.rf.13c7e04eeae0dee11f2ccaa19b92e6d3.jpg,C:\Users\mdhsi\OneDrive\Documents\Github\CMPE_258_Group_Project\TrainYourOwnYOLO\Data\Source_Images\Test_Images\022675862_jpg.rf.13c7e04eeae0dee11f2ccaa19b92e6d3.jpg,74,154,133,305,0,0.8234963417053223,416,416
022675862_jpg.rf.13c7e04eeae0dee11f2ccaa19b92e6d3.jpg,C:\Users\mdhsi\OneDrive\Documents\Github\CMPE_258_Group_Project\TrainYourOwnYOLO\Data\Source_Images\Test_Images\022675862_jpg.rf.13c7e04eeae0dee11f2ccaa19b92e6d3.jpg,307,123,368,286,0,0.8753041625022888,416,416
023660978_jpg.rf.609abe9e2870c653994d46f72d5b1ade.jpg,C:\Users\mdhsi\OneDrive\Documents\Github\CMPE_258_Group_Project\TrainYourOwnYOLO\Data\Source_Images\Test_Images\023660978_jpg.rf.609abe9e2870c653994d46f72d5b1ade.jpg,16,155,43,226,2,0.45854225754737854,416,416
023660978_jpg.rf.609abe9e2870c653994d46f72d5b1ade.jpg,C:\Users\mdhsi\OneDrive\Documents\Github\CMPE_258_Group_Project\TrainYourOwnYOLO\Data\Source_Images\Test_Images\023660978_jpg.rf.609abe9e2870c653994d46f72d5b1ade.jpg,16,155,43,226,1,0.26559802889823914,416,416
023660978_jpg.rf.609abe9e2870c653994d46f72d5b1ade.jpg,C:\Users\mdhsi\OneDrive\Documents\Github\CMPE_258_Group_Project\TrainYourOwnYOLO\Data\Source_Images\Test_Images\023660978_jpg.rf.609abe9e2870c653994d46f72d5b1ade.jpg,93,155,116,213,1,0.748649537563324,416,416
023660978_jpg.rf.609abe9e2870c653994d46f72d5b1ade.jpg,C:\Users\mdhsi\OneDrive\Documents\Github\CMPE_258_Group_Project\TrainYourOwnYOLO\Data\Source_Images\Test_Images\023660978_jpg.rf.609abe9e2870c653994d46f72d5b1ade.jpg,72,145,93,219,1,0.8187986016273499,416,416
023660978_jpg.rf.609abe9e2870c653994d46f72d5b1ade.jpg,C:\Users\mdhsi\OneDrive\Documents\Github\CMPE_258_Group_Project\TrainYourOwnYOLO\Data\Source_Images\Test_Images\023660978_jpg.rf.609abe9e2870c653994d46f72d5b1ade.jpg,139,154,183,248,0,0.9232258796691895,416,416
025425240_jpg.rf.68da1883be0a0e9e4f395de111944506.jpg,C:\Users\mdhsi\OneDrive\Documents\Github\CMPE_258_Group_Project\TrainYourOwnYOLO\Data\Source_Images\Test_Images\025425240_jpg.rf.68da1883be0a0e9e4f395de111944506.jpg,146,131,186,255,0,0.9040676951408386,416,416
026903355_jpg.rf.21ed6da1aca1fb544b901def84adba7b.jpg,C:\Users\mdhsi\OneDrive\Documents\Github\CMPE_258_Group_Project\TrainYourOwnYOLO\Data\Source_Images\Test_Images\026903355_jpg.rf.21ed6da1aca1fb544b901def84adba7b.jpg,220,105,299,344,0,0.5933144688606262,416,416
026903355_jpg.rf.21ed6da1aca1fb544b901def84adba7b.jpg,C:\Users\mdhsi\OneDrive\Documents\Github\CMPE_258_Group_Project\TrainYourOwnYOLO\Data\Source_Images\Test_Images\026903355_jpg.rf.21ed6da1aca1fb544b901def84adba7b.jpg,71,81,191,353,0,0.982842743396759,416,416
028721257_jpg.rf.cb5165320676deed73072056cdd6deb3.jpg,C:\Users\mdhsi\OneDrive\Documents\Github\CMPE_258_Group_Project\TrainYourOwnYOLO\Data\Source_Images\Test_Images\028721257_jpg.rf.cb5165320676deed73072056cdd6deb3.jpg,39,191,72,283,2,0.3667266368865967,416,416
028721257_jpg.rf.cb5165320676deed73072056cdd6deb3.jpg,C:\Users\mdhsi\OneDrive\Documents\Github\CMPE_258_Group_Project\TrainYourOwnYOLO\Data\Source_Images\Test_Images\028721257_jpg.rf.cb5165320676deed73072056cdd6deb3.jpg,75,178,129,291,2,0.5989940762519836,416,416
028721257_jpg.rf.cb5165320676deed73072056cdd6deb3.jpg,C:\Users\mdhsi\OneDrive\Documents\Github\CMPE_258_Group_Project\TrainYourOwnYOLO\Data\Source_Images\Test_Images\028721257_jpg.rf.cb5165320676deed73072056cdd6deb3.jpg,317,186,360,284,2,0.7509052157402039,416,416
028721257_jpg.rf.cb5165320676deed73072056cdd6deb3.jpg,C:\Users\mdhsi\OneDrive\Documents\Github\CMPE_258_Group_Project\TrainYourOwnYOLO\Data\Source_Images\Test_Images\028721257_jpg.rf.cb5165320676deed73072056cdd6deb3.jpg,142,187,185,279,2,0.7888736128807068,416,416
028721257_jpg.rf.cb5165320676deed73072056cdd6deb3.jpg,C:\Users\mdhsi\OneDrive\Documents\Github\CMPE_258_Group_Project\TrainYourOwnYOLO\Data\Source_Images\Test_Images\028721257_jpg.rf.cb5165320676deed73072056cdd6deb3.jpg,211,144,275,321,2,0.9343082308769226,416,416
028721257_jpg.rf.cb5165320676deed73072056cdd6deb3.jpg,C:\Users\mdhsi\OneDrive\Documents\Github\CMPE_258_Group_Project\TrainYourOwnYOLO\Data\Source_Images\Test_Images\028721257_jpg.rf.cb5165320676deed73072056cdd6deb3.jpg,75,178,129,291,1,0.2935327887535095,416,416
028721257_jpg.rf.cb5165320676deed73072056cdd6deb3.jpg,C:\Users\mdhsi\OneDrive\Documents\Github\CMPE_258_Group_Project\TrainYourOwnYOLO\Data\Source_Images\Test_Images\028721257_jpg.rf.cb5165320676deed73072056cdd6deb3.jpg,39,191,72,283,1,0.5094165205955505,416,416
032346733_jpg.rf.ae77630914f626339b373c23a114b7e4.jpg,C:\Users\mdhsi\OneDrive\Documents\Github\CMPE_258_Group_Project\TrainYourOwnYOLO\Data\Source_Images\Test_Images\032346733_jpg.rf.ae77630914f626339b373c23a114b7e4.jpg,174,120,352,318,0,0.9647356867790222,416,416
039153710_jpg.rf.18f0cac070e2b9d47982fcd21494cfc3.jpg,C:\Users\mdhsi\OneDrive\Documents\Github\CMPE_258_Group_Project\TrainYourOwnYOLO\Data\Source_Images\Test_Images\039153710_jpg.rf.18f0cac070e2b9d47982fcd21494cfc3.jpg,95,135,167,318,2,0.30812859535217285,416,416
039153710_jpg.rf.18f0cac070e2b9d47982fcd21494cfc3.jpg,C:\Users\mdhsi\OneDrive\Documents\Github\CMPE_258_Group_Project\TrainYourOwnYOLO\Data\Source_Images\Test_Images\039153710_jpg.rf.18f0cac070e2b9d47982fcd21494cfc3.jpg,165,112,244,325,2,0.5310502052307129,416,416
039153710_jpg.rf.18f0cac070e2b9d47982fcd21494cfc3.jpg,C:\Users\mdhsi\OneDrive\Documents\Github\CMPE_258_Group_Project\TrainYourOwnYOLO\Data\Source_Images\Test_Images\039153710_jpg.rf.18f0cac070e2b9d47982fcd21494cfc3.jpg,175,108,240,331,1,0.25179508328437805,416,416
039153710_jpg.rf.18f0cac070e2b9d47982fcd21494cfc3.jpg,C:\Users\mdhsi\OneDrive\Documents\Github\CMPE_258_Group_Project\TrainYourOwnYOLO\Data\Source_Images\Test_Images\039153710_jpg.rf.18f0cac070e2b9d47982fcd21494cfc3.jpg,103,127,160,317,1,0.42157453298568726,416,416
039515530_jpg.rf.c333ae2f47325eab1683357d3e51116a.jpg,C:\Users\mdhsi\OneDrive\Documents\Github\CMPE_258_Group_Project\TrainYourOwnYOLO\Data\Source_Images\Test_Images\039515530_jpg.rf.c333ae2f47325eab1683357d3e51116a.jpg,103,129,226,314,0,0.8857209086418152,416,416
042550566_jpg.rf.cfb50bf829be53f6b1db8522de4d77a3.jpg,C:\Users\mdhsi\OneDrive\Documents\Github\CMPE_258_Group_Project\TrainYourOwnYOLO\Data\Source_Images\Test_Images\042550566_jpg.rf.cfb50bf829be53f6b1db8522de4d77a3.jpg,197,158,267,304,1,0.3255077302455902,416,416
042550566_jpg.rf.cfb50bf829be53f6b1db8522de4d77a3.jpg,C:\Users\mdhsi\OneDrive\Documents\Github\CMPE_258_Group_Project\TrainYourOwnYOLO\Data\Source_Images\Test_Images\042550566_jpg.rf.cfb50bf829be53f6b1db8522de4d77a3.jpg,54,115,88,280,1,0.41007113456726074,416,416
042550566_jpg.rf.cfb50bf829be53f6b1db8522de4d77a3.jpg,C:\Users\mdhsi\OneDrive\Documents\Github\CMPE_258_Group_Project\TrainYourOwnYOLO\Data\Source_Images\Test_Images\042550566_jpg.rf.cfb50bf829be53f6b1db8522de4d77a3.jpg,280,142,315,268,1,0.4304508864879608,416,416
042550566_jpg.rf.cfb50bf829be53f6b1db8522de4d77a3.jpg,C:\Users\mdhsi\OneDrive\Documents\Github\CMPE_258_Group_Project\TrainYourOwnYOLO\Data\Source_Images\Test_Images\042550566_jpg.rf.cfb50bf829be53f6b1db8522de4d77a3.jpg,27,114,74,290,1,0.8445040583610535,416,416
042550566_jpg.rf.cfb50bf829be53f6b1db8522de4d77a3.jpg,C:\Users\mdhsi\OneDrive\Documents\Github\CMPE_258_Group_Project\TrainYourOwnYOLO\Data\Source_Images\Test_Images\042550566_jpg.rf.cfb50bf829be53f6b1db8522de4d77a3.jpg,307,146,350,287,1,0.9331954717636108,416,416
042550566_jpg.rf.cfb50bf829be53f6b1db8522de4d77a3.jpg,C:\Users\mdhsi\OneDrive\Documents\Github\CMPE_258_Group_Project\TrainYourOwnYOLO\Data\Source_Images\Test_Images\042550566_jpg.rf.cfb50bf829be53f6b1db8522de4d77a3.jpg,197,158,267,304,0,0.666936457157135,416,416
044527912_jpg.rf.bd1dbafa09eace37e0e1cd239244fed0.jpg,C:\Users\mdhsi\OneDrive\Documents\Github\CMPE_258_Group_Project\TrainYourOwnYOLO\Data\Source_Images\Test_Images\044527912_jpg.rf.bd1dbafa09eace37e0e1cd239244fed0.jpg,175,119,236,306,0,0.9651587009429932,416,416
059901104_jpg.rf.b358c1832e0227d9312f2b1bd446cac3.jpg,C:\Users\mdhsi\OneDrive\Documents\Github\CMPE_258_Group_Project\TrainYourOwnYOLO\Data\Source_Images\Test_Images\059901104_jpg.rf.b358c1832e0227d9312f2b1bd446cac3.jpg,179,144,216,296,1,0.6123570203781128,416,416
059901104_jpg.rf.b358c1832e0227d9312f2b1bd446cac3.jpg,C:\Users\mdhsi\OneDrive\Documents\Github\CMPE_258_Group_Project\TrainYourOwnYOLO\Data\Source_Images\Test_Images\059901104_jpg.rf.b358c1832e0227d9312f2b1bd446cac3.jpg,260,140,309,285,1,0.6829619407653809,416,416
059901104_jpg.rf.b358c1832e0227d9312f2b1bd446cac3.jpg,C:\Users\mdhsi\OneDrive\Documents\Github\CMPE_258_Group_Project\TrainYourOwnYOLO\Data\Source_Images\Test_Images\059901104_jpg.rf.b358c1832e0227d9312f2b1bd446cac3.jpg,206,116,266,320,1,0.7967436909675598,416,416
059901104_jpg.rf.b358c1832e0227d9312f2b1bd446cac3.jpg,C:\Users\mdhsi\OneDrive\Documents\Github\CMPE_258_Group_Project\TrainYourOwnYOLO\Data\Source_Images\Test_Images\059901104_jpg.rf.b358c1832e0227d9312f2b1bd446cac3.jpg,254,110,313,302,0,0.6487298011779785,416,416
059901104_jpg.rf.b358c1832e0227d9312f2b1bd446cac3.jpg,C:\Users\mdhsi\OneDrive\Documents\Github\CMPE_258_Group_Project\TrainYourOwnYOLO\Data\Source_Images\Test_Images\059901104_jpg.rf.b358c1832e0227d9312f2b1bd446cac3.jpg,143,133,184,309,0,0.7131771445274353,416,416
059901104_jpg.rf.b358c1832e0227d9312f2b1bd446cac3.jpg,C:\Users\mdhsi\OneDrive\Documents\Github\CMPE_258_Group_Project\TrainYourOwnYOLO\Data\Source_Images\Test_Images\059901104_jpg.rf.b358c1832e0227d9312f2b1bd446cac3.jpg,36,161,87,295,0,0.9538120627403259,416,416
059901104_jpg.rf.b358c1832e0227d9312f2b1bd446cac3.jpg,C:\Users\mdhsi\OneDrive\Documents\Github\CMPE_258_Group_Project\TrainYourOwnYOLO\Data\Source_Images\Test_Images\059901104_jpg.rf.b358c1832e0227d9312f2b1bd446cac3.jpg,77,149,125,305,0,0.9702808260917664,416,416
062234326_jpg.rf.f71980a0d5830e7d77f93f310ac11d20.jpg,C:\Users\mdhsi\OneDrive\Documents\Github\CMPE_258_Group_Project\TrainYourOwnYOLO\Data\Source_Images\Test_Images\062234326_jpg.rf.f71980a0d5830e7d77f93f310ac11d20.jpg,199,134,255,227,2,0.9111685752868652,416,416
063629135_jpg.rf.d9304a4d9b7c231c5a5b193cbabd065a.jpg,C:\Users\mdhsi\OneDrive\Documents\Github\CMPE_258_Group_Project\TrainYourOwnYOLO\Data\Source_Images\Test_Images\063629135_jpg.rf.d9304a4d9b7c231c5a5b193cbabd065a.jpg,169,123,222,341,1,0.5224210023880005,416,416
063629135_jpg.rf.d9304a4d9b7c231c5a5b193cbabd065a.jpg,C:\Users\mdhsi\OneDrive\Documents\Github\CMPE_258_Group_Project\TrainYourOwnYOLO\Data\Source_Images\Test_Images\063629135_jpg.rf.d9304a4d9b7c231c5a5b193cbabd065a.jpg,119,191,172,326,1,0.6956486701965332,416,416
063629135_jpg.rf.d9304a4d9b7c231c5a5b193cbabd065a.jpg,C:\Users\mdhsi\OneDrive\Documents\Github\CMPE_258_Group_Project\TrainYourOwnYOLO\Data\Source_Images\Test_Images\063629135_jpg.rf.d9304a4d9b7c231c5a5b193cbabd065a.jpg,223,185,280,353,1,0.718065083026886,416,416
063629135_jpg.rf.d9304a4d9b7c231c5a5b193cbabd065a.jpg,C:\Users\mdhsi\OneDrive\Documents\Github\CMPE_258_Group_Project\TrainYourOwnYOLO\Data\Source_Images\Test_Images\063629135_jpg.rf.d9304a4d9b7c231c5a5b193cbabd065a.jpg,317,194,375,366,1,0.7586852312088013,416,416
063629135_jpg.rf.d9304a4d9b7c231c5a5b193cbabd065a.jpg,C:\Users\mdhsi\OneDrive\Documents\Github\CMPE_258_Group_Project\TrainYourOwnYOLO\Data\Source_Images\Test_Images\063629135_jpg.rf.d9304a4d9b7c231c5a5b193cbabd065a.jpg,279,220,318,352,1,0.8068765997886658,416,416
063629135_jpg.rf.d9304a4d9b7c231c5a5b193cbabd065a.jpg,C:\Users\mdhsi\OneDrive\Documents\Github\CMPE_258_Group_Project\TrainYourOwnYOLO\Data\Source_Images\Test_Images\063629135_jpg.rf.d9304a4d9b7c231c5a5b193cbabd065a.jpg,14,160,61,295,1,0.918606698513031,416,416
069574869_jpg.rf.7045b6afd8667a4acea8f560da0d3be9.jpg,C:\Users\mdhsi\OneDrive\Documents\Github\CMPE_258_Group_Project\TrainYourOwnYOLO\Data\Source_Images\Test_Images\069574869_jpg.rf.7045b6afd8667a4acea8f560da0d3be9.jpg,192,112,295,315,0,0.9588623642921448,416,416
071556964_jpg.rf.30fbf49af28aa0fbf6c5b780ce3de26d.jpg,C:\Users\mdhsi\OneDrive\Documents\Github\CMPE_258_Group_Project\TrainYourOwnYOLO\Data\Source_Images\Test_Images\071556964_jpg.rf.30fbf49af28aa0fbf6c5b780ce3de26d.jpg,206,137,293,317,0,0.5588962435722351,416,416
071556964_jpg.rf.30fbf49af28aa0fbf6c5b780ce3de26d.jpg,C:\Users\mdhsi\OneDrive\Documents\Github\CMPE_258_Group_Project\TrainYourOwnYOLO\Data\Source_Images\Test_Images\071556964_jpg.rf.30fbf49af28aa0fbf6c5b780ce3de26d.jpg,45,76,175,338,0,0.9788011312484741,416,416
072763114_jpg.rf.f114575ec4f1f0e69375622a855df511.jpg,C:\Users\mdhsi\OneDrive\Documents\Github\CMPE_258_Group_Project\TrainYourOwnYOLO\Data\Source_Images\Test_Images\072763114_jpg.rf.f114575ec4f1f0e69375622a855df511.jpg,161,176,196,278,0,0.7779747843742371,416,416
072763114_jpg.rf.f114575ec4f1f0e69375622a855df511.jpg,C:\Users\mdhsi\OneDrive\Documents\Github\CMPE_258_Group_Project\TrainYourOwnYOLO\Data\Source_Images\Test_Images\072763114_jpg.rf.f114575ec4f1f0e69375622a855df511.jpg,118,187,154,266,0,0.8140395879745483,416,416
074837525_jpg.rf.629b9ef6558cd5b7334ae90abdb78db1.jpg,C:\Users\mdhsi\OneDrive\Documents\Github\CMPE_258_Group_Project\TrainYourOwnYOLO\Data\Source_Images\Test_Images\074837525_jpg.rf.629b9ef6558cd5b7334ae90abdb78db1.jpg,6,110,79,317,1,0.6510160565376282,416,416
074837525_jpg.rf.629b9ef6558cd5b7334ae90abdb78db1.jpg,C:\Users\mdhsi\OneDrive\Documents\Github\CMPE_258_Group_Project\TrainYourOwnYOLO\Data\Source_Images\Test_Images\074837525_jpg.rf.629b9ef6558cd5b7334ae90abdb78db1.jpg,84,110,135,301,1,0.9226630926132202,416,416
074837525_jpg.rf.629b9ef6558cd5b7334ae90abdb78db1.jpg,C:\Users\mdhsi\OneDrive\Documents\Github\CMPE_258_Group_Project\TrainYourOwnYOLO\Data\Source_Images\Test_Images\074837525_jpg.rf.629b9ef6558cd5b7334ae90abdb78db1.jpg,327,161,351,232,0,0.6473016738891602,416,416
074837525_jpg.rf.629b9ef6558cd5b7334ae90abdb78db1.jpg,C:\Users\mdhsi\OneDrive\Documents\Github\CMPE_258_Group_Project\TrainYourOwnYOLO\Data\Source_Images\Test_Images\074837525_jpg.rf.629b9ef6558cd5b7334ae90abdb78db1.jpg,192,141,242,259,0,0.6609268188476562,416,416
074837525_jpg.rf.629b9ef6558cd5b7334ae90abdb78db1.jpg,C:\Users\mdhsi\OneDrive\Documents\Github\CMPE_258_Group_Project\TrainYourOwnYOLO\Data\Source_Images\Test_Images\074837525_jpg.rf.629b9ef6558cd5b7334ae90abdb78db1.jpg,137,91,220,324,0,0.7734725475311279,416,416
078665252_jpg.rf.03157216fabbc64a70f220ce0eb03ddf.jpg,C:\Users\mdhsi\OneDrive\Documents\Github\CMPE_258_Group_Project\TrainYourOwnYOLO\Data\Source_Images\Test_Images\078665252_jpg.rf.03157216fabbc64a70f220ce0eb03ddf.jpg,133,132,178,260,2,0.8547258377075195,416,416
083248947_jpg.rf.0351605c228d35094bb0c748eb3cf31c.jpg,C:\Users\mdhsi\OneDrive\Documents\Github\CMPE_258_Group_Project\TrainYourOwnYOLO\Data\Source_Images\Test_Images\083248947_jpg.rf.0351605c228d35094bb0c748eb3cf31c.jpg,247,153,283,249,2,0.36347755789756775,416,416
083248947_jpg.rf.0351605c228d35094bb0c748eb3cf31c.jpg,C:\Users\mdhsi\OneDrive\Documents\Github\CMPE_258_Group_Project\TrainYourOwnYOLO\Data\Source_Images\Test_Images\083248947_jpg.rf.0351605c228d35094bb0c748eb3cf31c.jpg,280,125,382,314,2,0.46520304679870605,416,416
083248947_jpg.rf.0351605c228d35094bb0c748eb3cf31c.jpg,C:\Users\mdhsi\OneDrive\Documents\Github\CMPE_258_Group_Project\TrainYourOwnYOLO\Data\Source_Images\Test_Images\083248947_jpg.rf.0351605c228d35094bb0c748eb3cf31c.jpg,96,151,117,219,1,0.30965742468833923,416,416
083248947_jpg.rf.0351605c228d35094bb0c748eb3cf31c.jpg,C:\Users\mdhsi\OneDrive\Documents\Github\CMPE_258_Group_Project\TrainYourOwnYOLO\Data\Source_Images\Test_Images\083248947_jpg.rf.0351605c228d35094bb0c748eb3cf31c.jpg,170,141,195,213,1,0.3148646950721741,416,416
083248947_jpg.rf.0351605c228d35094bb0c748eb3cf31c.jpg,C:\Users\mdhsi\OneDrive\Documents\Github\CMPE_258_Group_Project\TrainYourOwnYOLO\Data\Source_Images\Test_Images\083248947_jpg.rf.0351605c228d35094bb0c748eb3cf31c.jpg,136,145,157,198,1,0.3625338077545166,416,416
083248947_jpg.rf.0351605c228d35094bb0c748eb3cf31c.jpg,C:\Users\mdhsi\OneDrive\Documents\Github\CMPE_258_Group_Project\TrainYourOwnYOLO\Data\Source_Images\Test_Images\083248947_jpg.rf.0351605c228d35094bb0c748eb3cf31c.jpg,105,140,130,229,1,0.5694295763969421,416,416
083248947_jpg.rf.0351605c228d35094bb0c748eb3cf31c.jpg,C:\Users\mdhsi\OneDrive\Documents\Github\CMPE_258_Group_Project\TrainYourOwnYOLO\Data\Source_Images\Test_Images\083248947_jpg.rf.0351605c228d35094bb0c748eb3cf31c.jpg,7,155,30,233,1,0.6187729835510254,416,416
083248947_jpg.rf.0351605c228d35094bb0c748eb3cf31c.jpg,C:\Users\mdhsi\OneDrive\Documents\Github\CMPE_258_Group_Project\TrainYourOwnYOLO\Data\Source_Images\Test_Images\083248947_jpg.rf.0351605c228d35094bb0c748eb3cf31c.jpg,247,153,283,249,1,0.638797402381897,416,416
083248947_jpg.rf.0351605c228d35094bb0c748eb3cf31c.jpg,C:\Users\mdhsi\OneDrive\Documents\Github\CMPE_258_Group_Project\TrainYourOwnYOLO\Data\Source_Images\Test_Images\083248947_jpg.rf.0351605c228d35094bb0c748eb3cf31c.jpg,209,107,242,281,1,0.6492891907691956,416,416
084466591_jpg.rf.3dcf5edba5c7abe6aeb0f7fa37fa96f2.jpg,C:\Users\mdhsi\OneDrive\Documents\Github\CMPE_258_Group_Project\TrainYourOwnYOLO\Data\Source_Images\Test_Images\084466591_jpg.rf.3dcf5edba5c7abe6aeb0f7fa37fa96f2.jpg,173,173,231,314,0,0.9847695231437683,416,416
086989636_jpg.rf.92a511ad74c2c26902288ec28e0740d9.jpg,C:\Users\mdhsi\OneDrive\Documents\Github\CMPE_258_Group_Project\TrainYourOwnYOLO\Data\Source_Images\Test_Images\086989636_jpg.rf.92a511ad74c2c26902288ec28e0740d9.jpg,275,153,340,318,2,0.6544480919837952,416,416
086989636_jpg.rf.92a511ad74c2c26902288ec28e0740d9.jpg,C:\Users\mdhsi\OneDrive\Documents\Github\CMPE_258_Group_Project\TrainYourOwnYOLO\Data\Source_Images\Test_Images\086989636_jpg.rf.92a511ad74c2c26902288ec28e0740d9.jpg,198,121,261,332,2,0.732035756111145,416,416
086989636_jpg.rf.92a511ad74c2c26902288ec28e0740d9.jpg,C:\Users\mdhsi\OneDrive\Documents\Github\CMPE_258_Group_Project\TrainYourOwnYOLO\Data\Source_Images\Test_Images\086989636_jpg.rf.92a511ad74c2c26902288ec28e0740d9.jpg,104,144,173,326,2,0.8762999773025513,416,416
093149039_jpg.rf.5c96cbce06ec021ce34e31184c156160.jpg,C:\Users\mdhsi\OneDrive\Documents\Github\CMPE_258_Group_Project\TrainYourOwnYOLO\Data\Source_Images\Test_Images\093149039_jpg.rf.5c96cbce06ec021ce34e31184c156160.jpg,266,160,365,330,0,0.7355359792709351,416,416
093149039_jpg.rf.5c96cbce06ec021ce34e31184c156160.jpg,C:\Users\mdhsi\OneDrive\Documents\Github\CMPE_258_Group_Project\TrainYourOwnYOLO\Data\Source_Images\Test_Images\093149039_jpg.rf.5c96cbce06ec021ce34e31184c156160.jpg,193,179,271,310,0,0.8210789561271667,416,416
093149039_jpg.rf.5c96cbce06ec021ce34e31184c156160.jpg,C:\Users\mdhsi\OneDrive\Documents\Github\CMPE_258_Group_Project\TrainYourOwnYOLO\Data\Source_Images\Test_Images\093149039_jpg.rf.5c96cbce06ec021ce34e31184c156160.jpg,75,175,142,316,0,0.8499217629432678,416,416
093149039_jpg.rf.5c96cbce06ec021ce34e31184c156160.jpg,C:\Users\mdhsi\OneDrive\Documents\Github\CMPE_258_Group_Project\TrainYourOwnYOLO\Data\Source_Images\Test_Images\093149039_jpg.rf.5c96cbce06ec021ce34e31184c156160.jpg,139,176,187,320,0,0.9098501205444336,416,416
093286769_jpg.rf.bd59dbe295ee10c3a59ffd601da6b410.jpg,C:\Users\mdhsi\OneDrive\Documents\Github\CMPE_258_Group_Project\TrainYourOwnYOLO\Data\Source_Images\Test_Images\093286769_jpg.rf.bd59dbe295ee10c3a59ffd601da6b410.jpg,221,151,262,254,2,0.5295529365539551,416,416
093286769_jpg.rf.bd59dbe295ee10c3a59ffd601da6b410.jpg,C:\Users\mdhsi\OneDrive\Documents\Github\CMPE_258_Group_Project\TrainYourOwnYOLO\Data\Source_Images\Test_Images\093286769_jpg.rf.bd59dbe295ee10c3a59ffd601da6b410.jpg,161,64,231,299,2,0.6065885424613953,416,416
095776666_jpg.rf.14a3099e4800e65c96505f18acce4cca.jpg,C:\Users\mdhsi\OneDrive\Documents\Github\CMPE_258_Group_Project\TrainYourOwnYOLO\Data\Source_Images\Test_Images\095776666_jpg.rf.14a3099e4800e65c96505f18acce4cca.jpg,91,169,179,368,0,0.3377689719200134,416,416
